platform,producers,budget,policy,round,tasks_per_s,peak_rss_kib,producer_gc_bytes,fresh_nodes,reused_nodes
x86-64,1,8,gc,0,121685.6,14940,1197040,3000,0
x86-64,1,8,recycle,0,121145.3,14940,1171152,133,2867
x86-64,1,512,gc,0,159582.0,14940,1203472,3000,0
x86-64,1,512,recycle,0,160891.7,14940,1220688,513,2487
x86-64,4,8,gc,0,100607.4,14940,1196784,3000,0
x86-64,4,8,recycle,0,92979.6,14940,1172432,202,2798
x86-64,4,512,gc,0,109038.9,14940,1203472,3000,0
x86-64,4,512,recycle,0,123102.3,14940,1203584,514,2486
x86-64,1,8,recycle,1,129022.3,14940,1169408,167,2833
x86-64,1,8,gc,1,126226.0,14940,1200352,3000,0
x86-64,1,512,recycle,1,169293.4,14940,1220688,513,2487
x86-64,1,512,gc,1,169026.7,14940,1203520,3000,0
x86-64,4,8,recycle,1,91885.1,14940,1169840,234,2766
x86-64,4,8,gc,1,100729.6,14940,1194880,3000,0
x86-64,4,512,recycle,1,127381.9,14940,1187648,517,2483
x86-64,4,512,gc,1,126635.5,14940,1202752,3000,0
