scenario,budget,policy,round,tasks_per_s,peak_rss_kib,fresh_nodes,reused_nodes
scalar,8,gc,0,189379.7,15068,6000,0
scalar,8,recycle,0,182712.5,15196,8,5992
scalar,64,gc,0,288718.9,15196,6000,0
scalar,64,recycle,0,299532.0,15196,64,5936
scalar,512,gc,0,260687.1,15196,6000,0
scalar,512,recycle,0,291451.2,15196,512,5488
scalar,4096,gc,0,241484.8,15196,6000,0
scalar,4096,recycle,0,258679.6,15196,4096,1904
wide,8,gc,0,196844.7,15196,6000,0
wide,8,recycle,0,190790.2,15196,8,5992
wide,64,gc,0,234002.2,15196,6000,0
wide,64,recycle,0,243507.6,15196,64,5936
wide,512,gc,0,233258.5,15196,6000,0
wide,512,recycle,0,256368.4,15196,512,5488
wide,4096,gc,0,235643.7,15196,6000,0
wide,4096,recycle,0,245372.5,15196,4096,1904
void,8,gc,0,162229.7,15196,6000,0
void,8,recycle,0,155585.2,15196,8,5992
void,64,gc,0,182785.3,15196,6000,0
void,64,recycle,0,185421.2,15196,64,5936
void,512,gc,0,188501.3,15196,6000,0
void,512,recycle,0,200977.4,15196,512,5488
void,4096,gc,0,191340.7,15196,6000,0
void,4096,recycle,0,182138.1,15196,4096,1904
scalar,8,recycle,1,189519.1,15196,8,5992
scalar,8,gc,1,204959.1,15196,6000,0
scalar,64,recycle,1,252938.2,15196,64,5936
scalar,64,gc,1,258626.1,15196,6000,0
scalar,512,recycle,1,281995.2,15196,512,5488
scalar,512,gc,1,273524.1,15196,6000,0
scalar,4096,recycle,1,262143.3,15196,4096,1904
scalar,4096,gc,1,264128.4,15196,6000,0
wide,8,recycle,1,201350.4,15196,8,5992
wide,8,gc,1,196413.0,15196,6000,0
wide,64,recycle,1,236656.3,15196,64,5936
wide,64,gc,1,234275.3,15196,6000,0
wide,512,recycle,1,255020.7,15196,512,5488
wide,512,gc,1,236451.4,15196,6000,0
wide,4096,recycle,1,243350.5,15196,4096,1904
wide,4096,gc,1,242612.0,15196,6000,0
void,8,recycle,1,161355.8,15196,8,5992
void,8,gc,1,165531.0,15196,6000,0
void,64,recycle,1,196829.4,15196,64,5936
void,64,gc,1,193858.1,15196,6000,0
void,512,recycle,1,199405.8,15196,512,5488
void,512,gc,1,193792.8,15196,6000,0
void,4096,recycle,1,187504.9,15196,4096,1904
void,4096,gc,1,190170.8,15196,6000,0
scalar,8,gc,2,203644.9,15196,6000,0
scalar,8,recycle,2,199867.2,15196,8,5992
scalar,64,gc,2,267898.4,15196,6000,0
scalar,64,recycle,2,244971.7,15196,64,5936
scalar,512,gc,2,261876.3,15196,6000,0
scalar,512,recycle,2,289734.8,15196,512,5488
scalar,4096,gc,2,257156.8,15196,6000,0
scalar,4096,recycle,2,260568.4,15196,4096,1904
wide,8,gc,2,202990.6,15196,6000,0
wide,8,recycle,2,187276.5,15196,8,5992
wide,64,gc,2,232267.1,15196,6000,0
wide,64,recycle,2,252360.0,15196,64,5936
wide,512,gc,2,241750.2,15196,6000,0
wide,512,recycle,2,252452.9,15196,512,5488
wide,4096,gc,2,246905.5,15196,6000,0
wide,4096,recycle,2,249720.1,15196,4096,1904
void,8,gc,2,163312.8,15196,6000,0
void,8,recycle,2,158404.2,15196,8,5992
void,64,gc,2,191278.3,15196,6000,0
void,64,recycle,2,193788.0,15196,64,5936
void,512,gc,2,194847.8,15196,6000,0
void,512,recycle,2,204608.4,15196,512,5488
void,4096,gc,2,197643.1,15196,6000,0
void,4096,recycle,2,185852.3,15196,4096,1904
