producers,budget,policy,round,tasks_per_s,peak_rss_kib,producer_gc_bytes,fresh_nodes,reused_nodes
1,8,gc,0,314922.6,18464,11934400,30000,0
1,8,recycle,0,270206.8,18608,11704496,970,29030
1,64,gc,0,380399.5,18608,12095600,30000,0
1,64,recycle,0,380132.7,18608,11739568,203,29797
1,512,gc,0,383424,18608,12147184,30000,0
1,512,recycle,0,399643.6,18608,12141968,515,29485
1,4096,gc,0,394395.9,18608,11645776,30000,0
1,4096,recycle,0,385648.4,18608,11475232,4100,25900
4,8,gc,0,198271.9,18608,11846976,30000,0
4,8,recycle,0,195429.8,18608,11687648,2131,27869
4,64,gc,0,204180.4,18608,12113104,30000,0
4,64,recycle,0,206165.4,18608,12105552,452,29548
4,512,gc,0,204112.6,18608,12148368,30000,0
4,512,recycle,0,202148.5,18608,12241216,552,29448
4,4096,gc,0,209352.5,18608,11647536,30000,0
4,4096,recycle,0,198524.9,18608,11475408,4100,25900
8,8,gc,0,193171.2,18608,11835200,30000,0
8,8,recycle,0,181435.3,18608,11677984,2131,27869
8,64,gc,0,176723.6,18608,12112944,30000,0
8,64,recycle,0,177938.6,18608,12101536,623,29377
8,512,gc,0,191402.7,18608,12148288,30000,0
8,512,recycle,0,192672.1,18608,12272848,571,29429
8,4096,gc,0,198991.2,18608,11646928,30000,0
8,4096,recycle,0,195704.4,18608,11474528,4105,25895
1,8,gc,1,342693.7,18608,11958016,30000,0
1,8,recycle,1,238280.2,18608,11668208,970,29030
1,64,gc,1,373343.2,18608,12089888,30000,0
1,64,recycle,1,394148,18608,11678544,200,29800
1,512,gc,1,364383.2,18608,12148816,30000,0
1,512,recycle,1,367489.1,18608,12177280,518,29482
1,4096,gc,1,373027.3,18608,11646656,30000,0
1,4096,recycle,1,392274.6,18608,11474928,4102,25898
4,8,gc,1,194780.1,18608,11838304,30000,0
4,8,recycle,1,198250.4,18608,11684288,2125,27875
4,64,gc,1,196855.4,18608,12105632,30000,0
4,64,recycle,1,193738.2,18608,12088992,435,29565
4,512,gc,1,198668.5,18608,12148000,30000,0
4,512,recycle,1,195486.6,18608,12242096,554,29446
4,4096,gc,1,199260.5,18608,11648016,30000,0
4,4096,recycle,1,204025.1,18608,11475520,4102,25898
8,8,gc,1,186457.8,18608,11836352,30000,0
8,8,recycle,1,183559.3,18608,11683616,2142,27858
8,64,gc,1,192521.6,18608,12112272,30000,0
8,64,recycle,1,196264.6,18608,12104160,639,29361
8,512,gc,1,195021,18608,12146944,30000,0
8,512,recycle,1,195088.5,18608,12269600,580,29420
8,4096,gc,1,196141.5,18608,11647824,30000,0
8,4096,recycle,1,188201.5,18608,11475216,4105,25895
1,8,gc,2,209570.3,18608,11823456,30000,0
1,8,recycle,2,339852.1,18608,11698992,1014,28986
1,64,gc,2,379050.3,18608,12100608,30000,0
1,64,recycle,2,316299.6,18608,11752880,212,29788
1,512,gc,2,268414.4,18608,12149392,30000,0
1,512,recycle,2,294195.3,18608,12027536,518,29482
1,4096,gc,2,376477.3,18608,11647376,30000,0
1,4096,recycle,2,396031.7,18608,11474960,4102,25898
4,8,gc,2,183009.9,18608,11840240,30000,0
4,8,recycle,2,192263,18608,11681552,2091,27909
4,64,gc,2,192618.5,18608,12110896,30000,0
4,64,recycle,2,198266.2,18608,12100976,455,29545
4,512,gc,2,195801.5,18608,12148048,30000,0
4,512,recycle,2,201006.6,18608,12271664,567,29433
4,4096,gc,2,201267.8,18608,11647856,30000,0
4,4096,recycle,2,193687.3,18608,11474944,4102,25898
8,8,gc,2,185659.8,18608,11833504,30000,0
8,8,recycle,2,180023.5,18608,11696944,2192,27808
8,64,gc,2,192933.4,18608,12105680,30000,0
8,64,recycle,2,189814.9,18608,12105616,590,29410
8,512,gc,2,189253.1,18608,12148928,30000,0
8,512,recycle,2,191697.4,18608,12289376,585,29415
8,4096,gc,2,193433,18608,11647888,30000,0
8,4096,recycle,2,190514.7,18608,11474672,4106,25894
1,8,gc,3,314147.7,18608,11968880,30000,0
1,8,recycle,3,332714.8,18608,11771360,1178,28822
1,64,gc,3,280088.6,18608,12093344,30000,0
1,64,recycle,3,278971.7,18608,11826128,229,29771
1,512,gc,3,353910,18608,12145552,30000,0
1,512,recycle,3,407479.6,18608,12176448,517,29483
1,4096,gc,3,273313.1,18608,11647296,30000,0
1,4096,recycle,3,284802.4,18608,11475680,4105,25895
4,8,gc,3,192552.7,18608,11836576,30000,0
4,8,recycle,3,191087.6,18608,11689072,2162,27838
4,64,gc,3,213536.7,18608,12102432,30000,0
4,64,recycle,3,193779.9,18608,12068432,446,29554
4,512,gc,3,197030.2,18608,12148192,30000,0
4,512,recycle,3,199393.7,18608,12207088,560,29440
4,4096,gc,3,193848.8,18608,11648048,30000,0
4,4096,recycle,3,200087.5,18608,11475056,4105,25895
8,8,gc,3,184051,18608,11829904,30000,0
8,8,recycle,3,179202,18608,11687536,2155,27845
8,64,gc,3,190954.6,18608,12109440,30000,0
8,64,recycle,3,193291.7,18608,12142560,640,29360
8,512,gc,3,191502.6,18608,12148864,30000,0
8,512,recycle,3,188126.1,18608,12288816,585,29415
8,4096,gc,3,185383.3,18608,11647408,30000,0
8,4096,recycle,3,185709.3,18608,11475312,4108,25892
1,8,gc,4,310749,18608,11934512,30000,0
1,8,recycle,4,322516.8,18608,11723968,1095,28905
1,64,gc,4,317261.4,18608,12091968,30000,0
1,64,recycle,4,234193.5,18608,11847952,224,29776
1,512,gc,4,342954.7,18608,12147440,30000,0
1,512,recycle,4,401940.5,18608,12192288,515,29485
1,4096,gc,4,390722.5,18608,11647856,30000,0
1,4096,recycle,4,370447.5,18608,11475536,4103,25897
4,8,gc,4,190350.6,18608,11851376,30000,0
4,8,recycle,4,192710.8,18608,11684944,2150,27850
4,64,gc,4,194369,18608,12108016,30000,0
4,64,recycle,4,195705.9,18608,12116848,456,29544
4,512,gc,4,190853.5,18608,12147472,30000,0
4,512,recycle,4,210399,18608,12291376,556,29444
4,4096,gc,4,204337.4,18608,11648016,30000,0
4,4096,recycle,4,191838.5,18608,11474368,4105,25895
8,8,gc,4,185271.5,18608,11829968,30000,0
8,8,recycle,4,176788.4,18608,11684752,2200,27800
8,64,gc,4,189687.3,18608,12108448,30000,0
8,64,recycle,4,177280.4,18608,12095728,648,29352
8,512,gc,4,192417.2,18608,12147568,30000,0
8,512,recycle,4,191336.1,18608,12280000,601,29399
8,4096,gc,4,184269.7,18608,11648096,30000,0
8,4096,recycle,4,183061.5,18608,11475152,4106,25894
